Crop,Water Use (m³/kg),Irrigation Type,Climate,Yield (tons/ha),Water-Saving Practices,Water Pollution (Grey Water) (m³/kg),Soil Type,Water Scarcity,Post-Harvest Processing (Liters/kg),Fertilizer Use (kg/ha),Pesticide Use (kg/ha),Organic Practices,Green Water Use (m³/kg),Blue Water Use (m³/kg),Crop Cycle Duration (days),Harvest Season,Temperature Requirement (°C),Rainfall Requirement (mm/year),CO2 Emission (kg/ha),Land Use (ha/kg),Crop Rotation Practices,Average Farm Size (ha),Processing Water Recycling,Local Market,Export Market,Genetically Modified,Irrigation Efficiency (%),Seed Use (kg/ha),Labor Intensity
Bananas,5557,Drip,Arid,5.14,Efficient Irrigation,716,Loamy,Severe,75,152,23,No,625,7869,350,Spring,36,1230,7.406565699800939,2.5062898242965113,No,19.669289142882942,Yes,No,No,No,76,75,Medium
Pumpkins,8024,Flood,Arid,4.44,Mulching,969,Clayey,Severe,142,97,56,No,4825,13018,134,Spring,28,779,3.7620966754087313,4.047654612198065,Yes,17.23327610591168,Yes,Yes,No,Yes,94,72,Medium
Grapes,1540,None,Continental,4.01,Crop Cover,437,Sandy,Low,34,266,13,Yes,2994,5625,305,Winter,24,1354,3.081512555963804,4.210571508665918,No,19.80126934844478,Yes,Yes,Yes,Yes,84,16,Low
Plums,826,Flood,Arid,5.08,Mulching,231,Loamy,Low,125,251,48,No,2123,10992,260,Autumn,25,1514,6.402732062557003,0.6454739396025623,Yes,4.388249855593618,No,Yes,Yes,No,86,45,Medium
Apples,2104,Sprinkler,Mediterranean,5.83,Mulching,723,Loamy,Severe,187,248,25,No,371,5603,342,Winter,24,1854,1.5803044997887574,2.3941485864149836,Yes,17.18459903479924,No,No,Yes,Yes,58,80,Medium
Avocados,13086,Sprinkler,Mediterranean,8.02,Crop Cover,342,Loamy,Low,134,197,26,Yes,2856,3521,134,Spring,40,960,9.485942955069472,2.8946857394024046,No,2.2882463252472043,No,Yes,No,No,53,15,Medium
Potatoes,18391,Drip,Tropical,8.85,Mulching,976,Silty,Severe,198,141,80,No,4671,9467,127,Winter,12,1922,4.594422400208723,0.6795242599981638,No,7.4368464915550945,No,Yes,Yes,Yes,65,91,Medium
Garlic,14858,Flood,Continental,8.05,Efficient Irrigation,296,Silty,Moderate,11,73,76,Yes,4863,8213,165,Autumn,28,971,5.825637670807868,1.5598457651149094,Yes,18.02443463873054,No,No,No,No,88,79,Low
Potatoes,11853,Sprinkler,Semi-arid,8.06,Crop Cover,679,Clayey,Low,62,148,15,Yes,1336,2886,230,Spring,34,975,3.7139072915382565,4.819778098330213,No,4.412026809127932,Yes,Yes,Yes,Yes,85,25,Low
Quinoa,14280,Sprinkler,Continental,7.84,Mulching,562,Clayey,Severe,113,180,33,No,2451,9298,193,Winter,27,1462,2.8390242775154864,4.111011693631098,Yes,17.69050816129268,No,No,Yes,Yes,53,13,High
Zucchini,7109,Flood,Tropical,2.38,Mulching,708,Clayey,Moderate,147,172,72,Yes,1270,6532,161,Autumn,21,1739,7.191144098745105,0.8203713266682544,Yes,18.065956979557438,Yes,No,Yes,No,91,13,High
Beans,7461,Flood,Tropical,1.82,Efficient Irrigation,822,Loamy,Severe,123,146,76,No,2453,9808,257,Winter,23,841,7.959354079377202,3.6140897459409165,No,8.731170799270188,No,Yes,Yes,No,52,73,Low
Tomatoes,12573,Flood,Mediterranean,7.95,Mulching,724,Loamy,Severe,105,72,32,No,2108,7121,315,Spring,33,431,3.88123105261322,3.9876214856666126,Yes,16.524061506398127,No,No,Yes,No,77,39,Medium
Pumpkins,2202,Sprinkler,Semi-arid,5.67,Crop Cover,283,Loamy,Moderate,19,216,39,Yes,2557,3874,242,Spring,34,1487,2.687850749995298,0.4448222887139006,No,12.614529664473359,Yes,Yes,No,Yes,73,99,Low
Apples,4393,Sprinkler,Temperate,9.01,Crop Cover,291,Clayey,Low,155,159,51,No,3917,10407,324,Summer,34,1547,8.540165316639628,2.2125055139832672,No,16.849439098871485,Yes,Yes,No,Yes,57,50,High
Cherries,13384,None,Arid,9.39,Efficient Irrigation,139,Loamy,High,109,229,27,Yes,1814,14272,83,Winter,17,1060,8.746776380137288,1.5885100090167885,No,7.859051103406268,No,No,No,No,51,54,Medium
Peas,14798,Flood,Continental,4.31,Crop Cover,111,Clayey,Severe,136,141,85,No,3868,13527,276,Autumn,37,698,1.7958517313407047,3.8359642776846514,No,17.84537057100907,No,Yes,No,No,89,22,High
Soybeans,15810,Sprinkler,Temperate,2.08,Mulching,442,Clayey,Low,15,57,42,Yes,3341,5112,92,Spring,22,1751,1.5218748841918366,3.166584324233249,Yes,19.337677647870546,No,Yes,Yes,No,77,67,Medium
Barley,17130,Drip,Mediterranean,6.19,Mulching,857,Clayey,Low,88,237,16,Yes,4774,7411,114,Spring,18,1580,7.453837602699952,0.2336066390827005,Yes,11.175164882562788,No,No,Yes,Yes,73,28,Medium
Blueberries,9121,None,Continental,6.59,Mulching,774,Loamy,Low,32,289,97,No,2723,2191,274,Winter,15,971,1.7278282224763977,3.1818782661382996,Yes,6.9307196349247056,Yes,No,Yes,No,95,66,Low
Cotton,11583,Flood,Arid,3.37,Efficient Irrigation,249,Loamy,High,51,206,33,No,3331,3120,186,Spring,19,260,4.394908346481049,1.5839228883915712,No,7.135147292603399,Yes,No,No,No,71,60,Medium
Squash,10048,None,Mediterranean,7.45,Mulching,823,Silty,Severe,92,278,23,Yes,4426,14012,162,Winter,17,883,1.368067560065406,1.5336654183247203,Yes,17.711364884354047,No,No,No,No,91,35,Low
Peppers,598,Sprinkler,Mediterranean,6.02,Mulching,197,Clayey,Moderate,181,271,11,No,4702,8128,157,Winter,38,570,5.473931300082038,2.586534872161407,Yes,4.342074726873559,Yes,No,Yes,Yes,53,99,Low
Pineapples,9584,Flood,Continental,1.56,Crop Cover,638,Silty,Moderate,130,218,11,Yes,530,7008,132,Summer,12,1119,6.676147963579075,0.4984959073574522,No,4.433988628222004,Yes,Yes,Yes,No,89,93,Medium
Broccoli,19932,Flood,Arid,9.76,Mulching,381,Clayey,High,24,300,19,Yes,3673,9444,272,Autumn,23,1896,3.315346129809023,3.8628722039505123,Yes,6.557524969018915,Yes,No,Yes,Yes,62,54,Low
Maize,9449,Flood,Continental,1.08,None,551,Loamy,Moderate,191,106,69,No,381,2005,201,Summer,18,1424,5.656022890696314,3.058105593454123,Yes,17.77767092624808,Yes,Yes,Yes,Yes,61,92,High
Lettuce,11629,Sprinkler,Temperate,6.77,Mulching,908,Sandy,Severe,107,64,47,Yes,1307,2755,257,Autumn,20,549,2.2943161997024495,1.711586390606885,Yes,3.291997433888725,Yes,No,Yes,Yes,68,56,Low
Squash,3669,Flood,Mediterranean,4.63,Efficient Irrigation,623,Sandy,Low,187,79,81,No,1902,14046,88,Winter,34,1516,2.285464441142648,2.814820548248813,Yes,3.1210509110007347,No,No,Yes,Yes,85,26,Low
Potatoes,12752,Flood,Semi-arid,2.01,Mulching,785,Silty,Moderate,150,288,74,Yes,1317,3180,123,Spring,35,796,7.159835819407201,0.36812512104183925,No,2.8973096168526253,No,Yes,Yes,Yes,64,80,Medium
Peppers,11003,Flood,Tropical,8.15,None,709,Clayey,Moderate,163,102,90,No,697,5194,114,Autumn,13,715,2.9123564687342864,3.2334028433857203,Yes,1.2587018711829066,Yes,No,No,No,56,20,High
Zucchini,11666,None,Continental,2.92,None,164,Sandy,Severe,67,160,54,Yes,3497,12448,94,Spring,18,432,4.7229522761182015,2.041299778127435,No,8.694671549775528,Yes,No,No,Yes,78,61,Low
Oranges,14703,Drip,Semi-arid,2.89,Efficient Irrigation,106,Clayey,Low,77,171,72,Yes,4499,2824,93,Autumn,17,792,3.606114041992255,4.218920700309052,No,5.485197551847397,Yes,No,Yes,No,76,55,Low
Pumpkins,10121,None,Mediterranean,6.4,None,601,Clayey,High,156,90,56,Yes,2659,6855,337,Winter,25,1018,8.407075160861874,0.47290894774196157,Yes,15.941809235375889,Yes,No,No,No,78,48,Medium
Onions,16423,None,Mediterranean,2.39,Efficient Irrigation,445,Loamy,Moderate,96,188,62,No,1062,10991,104,Winter,21,1480,5.675326474864628,4.339724395827413,No,4.0826918354171795,Yes,No,Yes,No,66,74,Medium
Lettuce,11888,Flood,Temperate,4.03,Crop Cover,581,Silty,Severe,47,134,67,Yes,491,14524,219,Winter,37,916,5.502956721957672,2.5130511074450554,No,1.2190915770569224,Yes,Yes,No,No,76,80,Low
Pumpkins,8021,Drip,Continental,2.51,Mulching,865,Silty,High,123,82,54,Yes,4229,711,320,Winter,23,761,1.6301671685576151,0.5009588323637454,No,4.605792591179865,Yes,No,No,Yes,56,90,High
Peaches,10356,Drip,Semi-arid,6.41,Mulching,671,Loamy,High,31,237,24,Yes,2819,7011,103,Autumn,26,918,7.106005918535772,3.347265830407035,No,1.2444398573800712,No,Yes,No,Yes,85,24,Medium
Rice,1077,Drip,Mediterranean,9.22,Mulching,755,Sandy,Low,112,117,72,No,2896,11058,236,Spring,25,471,8.325441902860081,0.7694013604044595,No,11.766165553229069,Yes,No,Yes,No,58,43,Medium
Wheat,13177,Drip,Temperate,4.52,Crop Cover,184,Silty,Low,84,141,52,No,736,4031,87,Spring,26,1784,1.4704665431144117,3.657094075188294,Yes,11.81018890027445,Yes,No,Yes,No,57,72,Low
Cotton,9762,Drip,Temperate,3.44,Mulching,811,Sandy,High,61,243,44,No,3643,3728,231,Spring,21,324,4.788243042070543,4.790464972883768,No,14.687467890842186,No,No,No,Yes,57,28,High
Beans,5720,Drip,Semi-arid,1.1,Mulching,991,Silty,Severe,64,270,77,Yes,4281,8348,344,Spring,28,773,1.9471366921709812,1.728596862005766,No,10.663730422543376,Yes,Yes,No,No,89,66,High
Carrots,8529,None,Tropical,7.25,None,852,Sandy,Moderate,195,298,75,No,2138,5802,174,Summer,19,242,2.8256728968423808,1.880957588287973,No,9.126947411708228,No,Yes,No,Yes,82,75,High
Beans,4340,Sprinkler,Mediterranean,3.3,Efficient Irrigation,420,Silty,Low,121,111,21,Yes,1294,14228,117,Winter,28,1091,8.625056540438166,0.8325645057749803,No,12.96061171291523,No,Yes,No,No,72,51,Low
Rice,2257,Flood,Arid,3.02,Mulching,953,Loamy,High,114,75,59,No,1541,2062,161,Spring,34,1393,3.3558851202558806,2.029849693471021,No,9.553109351140018,Yes,Yes,Yes,Yes,58,28,Medium
Cucumbers,18528,Drip,Tropical,5.91,None,877,Loamy,High,87,287,53,Yes,1427,12178,203,Spring,26,299,4.82569792313344,2.136817895276378,Yes,19.548357741944724,Yes,No,No,Yes,87,28,High
Peppers,18835,None,Semi-arid,2.33,Efficient Irrigation,714,Silty,Severe,138,109,49,Yes,4300,644,239,Spring,31,979,2.515591707384167,4.901411616122253,Yes,10.287831451792806,No,No,No,No,61,76,Medium
Corn,1655,None,Temperate,9.58,Crop Cover,437,Clayey,Low,125,75,92,Yes,3425,6946,242,Autumn,10,1965,7.53065534371566,0.4520252679867328,No,7.618235295087684,Yes,No,No,No,59,84,Low
Wheat,18942,Flood,Temperate,7.78,None,601,Loamy,Low,106,120,83,Yes,1063,602,209,Summer,35,1582,8.3975564552672,0.7689256342400697,Yes,10.44930286241709,No,Yes,Yes,No,83,74,Medium
Pears,10203,Flood,Tropical,5.14,Crop Cover,472,Loamy,High,115,216,29,Yes,390,14786,364,Summer,10,487,7.589350380335113,0.4946526902612115,No,2.48883642740699,No,Yes,Yes,No,60,83,Medium
Garlic,6462,Flood,Semi-arid,9.12,Crop Cover,754,Silty,High,87,267,35,No,1493,2255,149,Summer,23,719,1.5962195747506214,4.437264019386056,Yes,5.562843916941079,Yes,No,No,Yes,60,53,High
Avocados,8604,Flood,Continental,2.26,Crop Cover,133,Silty,Severe,26,151,51,Yes,1405,253,245,Summer,10,954,6.883598474555107,3.4391250255447683,Yes,7.100383000130337,No,Yes,No,Yes,91,49,High
Peas,18898,Flood,Mediterranean,5.93,Efficient Irrigation,774,Sandy,Severe,157,272,98,Yes,1015,9451,91,Autumn,14,1998,7.195510475901427,3.8027899509068943,Yes,15.51842167920481,No,Yes,No,Yes,75,94,Medium
Strawberries,3837,Drip,Continental,7.44,None,747,Loamy,Severe,189,178,65,No,1034,12351,292,Spring,34,898,8.149213033119018,1.4446326243847845,Yes,19.894901447581553,No,Yes,Yes,Yes,56,38,High
Zucchini,5577,Drip,Semi-arid,1.06,Mulching,810,Loamy,High,114,224,19,Yes,1561,11378,67,Summer,14,819,7.219277528387879,3.7402579651049037,No,4.373676513340852,Yes,Yes,Yes,No,71,38,Medium
Cotton,17339,Sprinkler,Tropical,4.86,Crop Cover,745,Silty,High,126,75,35,Yes,3938,8104,208,Winter,13,464,9.634635565426569,0.8688285014916544,No,2.8677964789146406,No,No,No,Yes,87,81,Medium
Peaches,19137,None,Arid,7.27,Mulching,426,Clayey,Severe,111,243,65,Yes,1518,3259,299,Winter,31,1325,7.0478446666553936,2.7176153680343034,Yes,3.57235308243611,Yes,Yes,No,Yes,59,95,High
Broccoli,1328,Sprinkler,Mediterranean,1.13,Efficient Irrigation,885,Clayey,High,93,247,82,No,906,8417,173,Autumn,26,1933,1.8374915685919664,4.724329238937894,No,13.694023836824687,No,No,No,Yes,71,12,Low
Garlic,18228,Drip,Mediterranean,7.45,Efficient Irrigation,877,Loamy,Moderate,161,189,37,No,4910,14382,273,Winter,33,967,6.090688911680981,3.6322514906533905,No,7.723940215406677,No,Yes,No,No,73,96,Low
Cotton,1655,None,Tropical,8.54,Mulching,921,Clayey,Low,137,170,75,Yes,4606,5783,88,Winter,38,1881,1.5192184035215597,0.4102585299013549,No,9.400871313671772,No,No,No,No,71,61,Low
Oats,16645,Drip,Continental,9.95,None,151,Sandy,Severe,141,52,18,No,3945,8699,61,Winter,14,1349,4.267123341775168,4.668187112160098,No,15.54777767189673,Yes,Yes,No,No,53,63,Medium
Mangoes,745,Sprinkler,Temperate,1.98,Mulching,608,Sandy,Low,34,204,43,Yes,1508,12785,147,Autumn,32,557,5.718723472536594,0.24594038193623313,No,7.014874736490718,Yes,Yes,No,No,58,66,Low
Cotton,3569,Flood,Arid,1.58,Efficient Irrigation,268,Clayey,High,121,67,24,Yes,4826,3884,201,Spring,28,1318,2.4333245127137344,4.21002122754503,Yes,10.59377274740243,Yes,Yes,No,Yes,64,89,High
Maize,10758,Drip,Arid,5.35,None,996,Loamy,Severe,115,56,20,No,2363,2089,299,Spring,30,1635,7.588012708091496,0.20394264897855097,Yes,14.991565184987845,No,Yes,Yes,Yes,79,83,Medium
Cucumbers,18500,Drip,Semi-arid,5.56,Mulching,846,Clayey,Severe,186,178,49,No,1598,897,63,Spring,38,502,6.939478575507519,1.8232528190267887,Yes,1.083901123966013,Yes,Yes,Yes,No,81,20,Medium
Apples,14614,None,Temperate,5.82,Efficient Irrigation,139,Clayey,High,25,218,87,No,2907,1678,189,Autumn,17,614,4.2977117948636625,3.481696950226869,No,16.423731788386313,No,No,Yes,Yes,87,67,High
Spinach,15696,Flood,Continental,8.82,None,302,Loamy,Severe,103,269,57,Yes,990,8995,131,Spring,12,1433,3.384794567706603,1.2403605593156841,No,12.049389206126145,No,No,No,Yes,59,62,High
Cherries,12722,Flood,Tropical,1.31,None,225,Silty,Severe,88,72,33,Yes,705,6999,112,Winter,14,1130,6.005261715172026,2.9269480387960685,No,14.629279873801565,Yes,No,Yes,Yes,69,11,High
Bananas,12336,Drip,Tropical,1.0,Efficient Irrigation,398,Clayey,Moderate,158,137,35,Yes,3798,5664,120,Autumn,15,1761,8.616801079963,2.687098452218001,No,5.465839903136336,No,No,Yes,No,51,40,Low
Garlic,8054,Drip,Mediterranean,6.9,Efficient Irrigation,689,Silty,Moderate,31,153,94,Yes,1476,12129,179,Autumn,28,621,3.787104171077652,0.12039910987899664,Yes,2.8826169186816037,No,Yes,Yes,No,58,58,High
Blueberries,5771,Flood,Continental,3.11,Efficient Irrigation,927,Clayey,High,37,272,100,No,723,13002,224,Spring,29,1227,5.734404411157062,2.719177038858285,Yes,13.176443799608593,No,Yes,Yes,No,94,13,Low
Plums,8510,Sprinkler,Semi-arid,2.33,Crop Cover,918,Clayey,Severe,81,129,60,No,3691,9651,264,Summer,11,1883,1.2152208162228493,0.49378262492846514,Yes,18.16136134201556,No,No,No,No,85,58,Medium
Lettuce,7819,Sprinkler,Arid,2.07,Efficient Irrigation,973,Silty,Severe,11,57,25,No,3822,5861,61,Autumn,18,1912,3.6932673282944073,1.3072819777832951,Yes,10.41643694465527,No,Yes,Yes,Yes,56,81,High
Cotton,2843,Drip,Arid,8.2,Efficient Irrigation,121,Loamy,Moderate,21,268,16,Yes,4971,11465,128,Summer,19,1257,8.721590876005159,4.3550107599831005,No,7.753615373740345,Yes,Yes,No,Yes,55,44,High
Rice,16848,Sprinkler,Temperate,9.37,Efficient Irrigation,471,Sandy,Low,15,215,65,Yes,3703,1980,327,Summer,13,534,9.533433343251312,3.5071559299138904,Yes,6.38528529512108,No,Yes,Yes,No,81,59,Low
Pumpkins,18097,Drip,Mediterranean,1.72,Mulching,438,Silty,Low,84,176,29,No,4210,14978,173,Summer,15,1015,4.433044915803559,1.9842812507197722,Yes,9.943407619253774,Yes,Yes,Yes,No,88,80,Low
Spinach,10231,None,Arid,1.26,None,111,Silty,High,121,275,24,Yes,1785,2310,217,Summer,16,662,8.444985220412923,0.8457173662319231,Yes,9.503198324981318,No,No,Yes,Yes,67,62,Low
Peppers,19238,None,Arid,9.31,Mulching,145,Sandy,Moderate,60,286,52,No,2429,2888,327,Autumn,15,1938,2.8677387106647703,2.2328222500938204,Yes,11.542724415009857,No,No,Yes,Yes,62,30,High
Melons,6783,Flood,Semi-arid,3.88,None,559,Clayey,Low,60,196,61,Yes,2105,4756,173,Spring,40,1392,3.877348712031778,3.085839500522452,No,6.438712238242523,No,No,Yes,Yes,53,92,Medium
Lettuce,13697,Flood,Mediterranean,2.92,Efficient Irrigation,641,Sandy,Low,35,244,45,Yes,1397,12399,304,Autumn,35,1040,3.651741934279489,1.750458657507423,No,8.014289703627046,Yes,Yes,Yes,No,71,60,Medium
Rice,16741,None,Semi-arid,9.4,Efficient Irrigation,143,Silty,High,102,278,40,No,1349,505,334,Summer,25,953,4.115630625524636,1.0973115890813114,Yes,4.324623648648634,Yes,Yes,Yes,No,72,67,Low
Pineapples,16400,Flood,Tropical,4.89,Crop Cover,892,Clayey,Low,152,117,100,No,2374,8882,224,Spring,29,1277,5.540822010792143,3.1871037512752953,No,5.429635499820684,No,Yes,Yes,No,91,44,Low
Peppers,3210,Sprinkler,Mediterranean,7.56,Efficient Irrigation,302,Silty,Moderate,44,128,59,Yes,407,13621,184,Summer,34,1153,4.670762601629549,0.1218374111305205,Yes,2.245471876560174,Yes,Yes,No,Yes,77,50,Medium
Bananas,6450,Sprinkler,Arid,6.25,Mulching,474,Loamy,Low,163,83,17,No,3256,4061,175,Spring,24,1555,5.862865894219942,3.8926743462711046,Yes,15.639922698815877,No,Yes,Yes,No,62,90,High
Melons,9325,None,Tropical,9.19,Mulching,435,Silty,Low,161,154,52,Yes,4309,11895,248,Summer,38,1579,5.967244951289092,1.203008299228686,No,10.108221080408775,Yes,No,No,No,60,92,High
Peaches,2486,None,Tropical,9.71,None,475,Sandy,Severe,39,238,41,Yes,3829,14523,176,Autumn,10,1648,8.096234739641357,4.415997259258359,No,12.059631251707145,No,No,No,No,87,78,High
Strawberries,2080,Flood,Temperate,9.02,Crop Cover,380,Silty,Low,149,212,13,Yes,3789,10212,111,Spring,10,471,3.1028471172245777,4.706514544408056,Yes,15.037815094013807,Yes,Yes,Yes,Yes,94,23,Medium
Bananas,17092,Sprinkler,Tropical,5.6,Crop Cover,274,Sandy,Moderate,200,267,25,No,3807,8447,355,Autumn,31,1740,6.446294774989122,2.8029030760386093,Yes,12.24291467479174,Yes,No,No,Yes,66,50,High
Beans,15415,None,Arid,4.64,Crop Cover,999,Sandy,Moderate,112,191,24,No,3531,12664,165,Spring,11,986,5.986128811959359,0.829441832817455,No,6.706463387117331,No,No,Yes,Yes,81,66,Medium
Bananas,13835,Sprinkler,Continental,3.94,None,848,Sandy,Severe,82,177,94,Yes,3683,7772,76,Winter,25,355,3.001589837647473,4.181440814938885,No,7.127421869351691,Yes,Yes,Yes,No,83,18,High
Peppers,5235,Sprinkler,Mediterranean,2.48,Crop Cover,653,Sandy,High,169,71,74,Yes,4410,10096,61,Summer,19,1674,5.887705353368946,4.28369581864955,Yes,1.9115222676581196,No,Yes,No,Yes,52,62,Medium
Peas,14079,Drip,Mediterranean,1.52,Efficient Irrigation,333,Silty,High,164,286,86,No,3057,14652,350,Spring,37,771,7.6235788163985445,2.556088616893442,Yes,16.763222151901374,No,No,No,No,70,54,Medium
Lettuce,11416,Sprinkler,Semi-arid,4.77,Crop Cover,281,Sandy,Severe,192,52,21,Yes,696,10097,161,Summer,21,1874,2.8415550858096017,1.3594224835436381,No,19.131573938394236,No,No,Yes,No,75,14,High
Grapes,3267,Sprinkler,Temperate,2.18,None,358,Sandy,Severe,157,116,71,Yes,3962,5508,335,Winter,35,1603,8.040287512095071,4.804241014511503,No,6.497846155922116,No,No,No,Yes,50,78,Low
Tomatoes,2551,None,Semi-arid,3.91,Mulching,693,Clayey,Severe,160,297,56,Yes,1794,2580,209,Summer,23,320,3.281315468543524,4.739557335893339,Yes,3.0438966816480013,Yes,Yes,No,No,53,67,Medium
Cucumbers,14908,Drip,Tropical,8.06,None,256,Clayey,Moderate,119,234,66,No,2181,12945,237,Winter,27,1929,5.646726677718452,4.13088507269418,Yes,2.624628951899746,No,No,No,No,86,73,Low
Potatoes,18035,Drip,Semi-arid,2.75,Efficient Irrigation,942,Clayey,Moderate,171,223,14,No,4734,5655,124,Summer,15,1558,2.8252679613711447,1.2660464343393958,No,2.212669414240462,Yes,No,No,Yes,83,41,Medium
Tomatoes,17308,Flood,Arid,9.16,None,251,Silty,Severe,34,261,47,No,3836,13424,152,Winter,30,1891,1.8749376328901883,0.1173204722922359,No,8.819504135982807,Yes,Yes,Yes,Yes,62,78,Medium
Maize,10417,Drip,Temperate,7.65,None,173,Clayey,Low,118,77,95,Yes,3230,3178,187,Winter,16,708,3.094949042158905,2.065876817131386,Yes,2.6797454059642303,Yes,Yes,No,Yes,77,19,High
Zucchini,5270,None,Semi-arid,3.14,None,239,Sandy,Severe,34,262,77,No,4824,9662,317,Winter,20,1035,6.794034257772162,0.8095407724298098,No,2.9325113468334516,No,Yes,No,Yes,77,15,Medium
Squash,4614,Drip,Temperate,2.32,Mulching,139,Sandy,Moderate,195,204,91,No,659,5565,297,Autumn,36,898,4.940671234032374,4.453118770513031,No,12.28889297779499,No,Yes,No,No,93,41,Medium
Barley,4292,Drip,Arid,9.68,Crop Cover,855,Silty,Severe,14,222,55,No,4712,1548,266,Spring,25,1849,9.245109059498194,3.037122014546341,No,1.736716484539267,Yes,Yes,No,No,69,75,High
Broccoli,1303,Sprinkler,Semi-arid,3.53,Crop Cover,656,Silty,Severe,177,179,69,No,1723,10959,179,Spring,26,229,2.391427016387246,4.224261407627973,No,9.193981876444656,No,No,Yes,Yes,71,41,High
Cotton,4023,Drip,Mediterranean,1.09,Mulching,789,Loamy,High,198,276,14,Yes,321,5091,333,Summer,36,1241,5.025729125272669,2.621781789693975,Yes,1.4880887145693418,Yes,Yes,No,Yes,51,43,Low
Wheat,17351,Drip,Arid,8.16,Crop Cover,620,Silty,Moderate,108,82,10,No,3030,8813,235,Spring,11,1848,3.5008461532232813,1.0415637311898744,Yes,7.462645780225526,No,Yes,Yes,Yes,89,10,Low
Spinach,1370,Flood,Tropical,5.28,Crop Cover,559,Loamy,Severe,91,226,24,Yes,4434,1197,134,Summer,39,328,5.197204983159839,2.1230766201967937,Yes,17.869299903613953,Yes,Yes,No,No,65,36,High
Bananas,17573,None,Mediterranean,6.75,Efficient Irrigation,589,Silty,Severe,52,295,69,No,3233,7835,291,Spring,27,1871,6.2791229897093075,0.6727372087449185,Yes,10.42606630960952,Yes,No,No,No,76,79,Low
Pumpkins,19754,None,Tropical,6.04,Efficient Irrigation,108,Clayey,Low,160,208,20,Yes,826,10997,327,Spring,18,1409,3.8929413468518903,0.8038072554457414,Yes,14.108354921221489,No,Yes,Yes,No,55,57,Low
Garlic,18506,None,Temperate,8.48,None,200,Silty,Moderate,102,101,94,No,1138,9516,62,Winter,38,1623,1.84976660081883,3.983459996634567,No,1.4039454669559948,No,No,Yes,No,50,86,Medium
Melons,5637,Drip,Mediterranean,3.05,Efficient Irrigation,286,Clayey,Low,33,106,36,Yes,4209,7616,222,Winter,38,1116,5.131871952562215,4.398794635416804,No,8.189368832428485,Yes,No,Yes,No,53,42,Medium
Garlic,4393,Flood,Temperate,2.06,None,547,Clayey,High,108,236,20,Yes,1571,9746,277,Summer,17,1350,8.274722534915036,1.3548380218661311,No,9.647684100931373,No,No,No,No,78,97,High
Pumpkins,6530,Drip,Temperate,4.9,None,214,Clayey,High,110,59,62,No,2120,6951,64,Autumn,40,1774,1.5832969213102244,4.2189362673111,No,9.999630738793481,No,Yes,Yes,Yes,76,49,Low
Melons,17927,Flood,Semi-arid,5.41,None,772,Loamy,Low,143,213,51,Yes,3687,14705,156,Summer,31,1031,1.3026196375675592,1.6224480393569511,Yes,5.154673666439651,No,Yes,No,Yes,71,56,Medium
Pineapples,12648,Flood,Arid,7.44,Crop Cover,631,Silty,Severe,178,189,15,Yes,4737,9228,76,Summer,27,1228,6.971410029518149,2.9249182770656064,Yes,16.86704176386533,No,Yes,Yes,No,54,17,Low
Corn,17399,None,Continental,7.13,Efficient Irrigation,372,Loamy,High,197,242,37,No,2187,9148,98,Winter,19,1617,2.6693790232595296,0.6020418791553271,No,6.39311042159196,Yes,No,Yes,No,82,24,Low
Cucumbers,12651,None,Tropical,5.45,Mulching,733,Clayey,Severe,148,135,88,Yes,3183,9983,264,Autumn,37,1922,8.07980195248574,3.2462793113489696,No,11.465965946842319,No,Yes,No,Yes,79,100,Medium
Plums,11701,Sprinkler,Continental,9.16,Crop Cover,895,Sandy,Moderate,76,133,90,No,3927,9795,365,Winter,39,433,2.1040302874951893,0.4146812212284249,No,6.041704740402121,No,Yes,No,No,57,83,Medium
Strawberries,3039,Sprinkler,Continental,2.13,Crop Cover,453,Clayey,Low,171,98,61,Yes,770,2142,282,Spring,26,752,7.545602322784996,4.236672852331249,Yes,16.70862651409416,Yes,No,Yes,Yes,88,90,Low
Quinoa,12569,Drip,Semi-arid,4.36,Crop Cover,989,Silty,Severe,118,101,25,Yes,648,2613,195,Spring,31,1729,1.3589093982507139,0.4857317273951056,Yes,18.59496407884244,Yes,Yes,No,No,59,66,High
Lettuce,17999,Flood,Temperate,7.17,Crop Cover,952,Loamy,Low,122,210,39,Yes,3352,14471,146,Summer,39,1794,5.346151955885098,1.4755872728207557,No,5.594616140564032,No,No,Yes,Yes,55,71,Low
Beans,8582,Sprinkler,Continental,9.2,Crop Cover,140,Sandy,High,16,177,57,No,2420,9506,198,Summer,30,1258,8.025171389669744,3.113949448126541,Yes,6.088214501280738,Yes,Yes,Yes,No,85,35,Medium
Rice,8810,Drip,Arid,3.66,Efficient Irrigation,741,Clayey,Low,127,115,99,No,4232,1173,211,Winter,32,1441,5.436101204710531,3.104557536139968,No,13.827542105476578,No,Yes,Yes,Yes,57,27,High
Apples,2947,Flood,Tropical,1.93,Crop Cover,877,Silty,Moderate,60,275,44,Yes,1690,6591,174,Spring,23,399,7.053451621541516,1.1959310514448604,No,18.735864425454597,Yes,Yes,Yes,No,63,97,Medium
Cabbage,17881,None,Continental,6.99,Efficient Irrigation,538,Loamy,Moderate,167,50,38,Yes,3409,4225,162,Winter,14,594,3.6267067957917463,1.9435018968429811,Yes,16.861825921482396,No,Yes,Yes,Yes,50,62,High
Zucchini,19906,Flood,Mediterranean,8.05,Mulching,631,Clayey,Severe,182,141,98,Yes,4789,10913,327,Winter,27,1340,8.659349101749076,4.145548624335832,No,19.880626595056555,Yes,No,Yes,Yes,95,48,Low
Melons,12177,None,Mediterranean,7.38,None,845,Loamy,Severe,64,159,86,Yes,1857,10604,284,Spring,14,873,4.573528250440452,3.2142271697111227,Yes,14.217374860747427,No,Yes,No,Yes,79,18,Medium
Strawberries,14601,Drip,Tropical,8.07,None,238,Clayey,Severe,30,99,25,Yes,4525,3070,210,Summer,27,598,2.2169442716138654,2.985404281285378,No,3.9968770349320355,No,No,Yes,No,64,89,Medium
Squash,19707,Flood,Mediterranean,4.39,None,144,Sandy,Moderate,15,50,77,No,3638,1739,156,Autumn,12,1485,7.826980650192771,3.6548913739513336,Yes,10.060049953614795,Yes,No,Yes,Yes,83,54,High
Grapes,11574,Flood,Temperate,3.66,Mulching,680,Loamy,High,40,274,84,No,4637,13286,106,Winter,37,1866,7.9942526481679135,4.848657384159448,Yes,2.3055274396108354,Yes,No,No,Yes,65,51,Medium
Rice,3053,Sprinkler,Temperate,5.74,Efficient Irrigation,687,Loamy,High,125,87,33,Yes,1720,10228,358,Summer,10,1698,4.84309767903819,0.4110683315400486,No,10.251931248399831,Yes,Yes,No,No,79,98,Low
Tomatoes,18495,Flood,Mediterranean,5.62,Mulching,580,Clayey,Moderate,200,280,53,No,3478,5329,161,Spring,16,773,5.56297892699609,2.4205784260264807,No,5.00206818560084,Yes,Yes,No,Yes,60,76,High
Sugarcane,8472,Sprinkler,Arid,5.98,Mulching,180,Silty,Low,124,294,87,Yes,2800,4934,238,Winter,18,1936,9.07945347289597,0.701618958527858,Yes,19.538292266524362,Yes,Yes,No,No,56,16,Medium
Cauliflower,18458,Flood,Mediterranean,2.52,None,494,Clayey,Moderate,16,182,24,Yes,4454,656,126,Summer,14,1710,8.700840918284504,2.3284789334087925,Yes,14.514540224153095,Yes,No,No,No,63,93,Low
Pineapples,10124,Drip,Continental,1.97,Crop Cover,285,Clayey,Severe,170,157,90,No,4873,7538,154,Summer,27,1545,7.043267128945098,4.461667686941794,No,18.253183170323958,Yes,No,Yes,Yes,76,92,High
Sugarcane,13313,Drip,Semi-arid,6.75,Mulching,944,Silty,Severe,11,151,99,No,2701,8543,270,Summer,16,1233,8.054312788904499,3.28631204887905,No,10.548746581173443,Yes,No,Yes,No,50,50,Medium
Cabbage,4534,None,Mediterranean,5.04,Efficient Irrigation,927,Loamy,Low,146,214,12,No,2847,2082,319,Autumn,14,650,6.3824279678897,0.29497049275939624,No,3.269612967965186,No,No,No,No,71,22,High
Corn,9923,Flood,Temperate,5.82,Mulching,563,Silty,Moderate,73,260,52,Yes,2410,4829,317,Spring,37,530,8.737108841573916,2.275614274973546,No,5.197987754963421,Yes,Yes,No,No,59,50,Low
Cotton,14246,Sprinkler,Arid,4.28,Crop Cover,607,Sandy,Moderate,28,193,50,No,4905,8523,212,Spring,25,867,1.9986390010700537,3.607569739372001,No,17.12245804330931,Yes,Yes,No,No,91,96,Low
Grapes,15792,Flood,Semi-arid,9.8,Mulching,506,Silty,High,32,200,56,Yes,3064,8229,288,Autumn,34,1628,6.132587756210899,4.956600496600964,Yes,14.860082160141669,Yes,Yes,No,Yes,59,88,Medium
Soybeans,9621,Flood,Semi-arid,4.67,None,864,Sandy,High,53,193,64,No,1666,10551,165,Winter,32,1227,8.592974225337073,3.632788718925771,Yes,11.603287175677853,Yes,Yes,Yes,No,90,36,High
Plums,9341,None,Arid,4.0,Crop Cover,254,Silty,High,125,144,80,No,883,11519,165,Summer,26,883,8.81519050030056,3.640040318012334,No,17.6031502970108,No,Yes,No,Yes,80,33,High
Potatoes,9674,Flood,Temperate,6.8,Crop Cover,750,Silty,High,90,135,73,Yes,3904,13217,337,Autumn,28,1207,1.7207305221454212,1.328142321198426,Yes,6.284164309495498,Yes,No,Yes,No,74,80,Medium
Peaches,11037,Sprinkler,Semi-arid,8.45,Efficient Irrigation,107,Clayey,Moderate,37,201,29,No,400,13969,249,Winter,29,1662,7.553312317055516,3.3603739682064786,No,19.416500772287236,No,Yes,Yes,Yes,67,46,Medium
Rice,3928,Sprinkler,Mediterranean,7.5,Crop Cover,183,Silty,High,80,287,42,No,2947,14019,133,Spring,16,1941,8.321622730488201,2.8228234677754447,No,19.50924274569368,No,Yes,No,Yes,60,33,High
Apples,14999,None,Mediterranean,6.32,Efficient Irrigation,786,Sandy,Severe,100,70,26,Yes,1084,9502,198,Summer,14,848,5.03390784177774,2.1280284955556064,No,3.5093673393470954,No,No,No,No,93,24,Medium
Zucchini,16361,Drip,Continental,5.27,None,583,Silty,Severe,186,149,31,No,2873,9324,60,Summer,21,1092,8.216068388390493,1.7633248875627225,No,19.665596514889664,No,Yes,No,Yes,55,93,High
Zucchini,13787,None,Semi-arid,4.31,None,543,Sandy,Low,137,276,64,No,3927,2171,119,Summer,18,673,6.836122589556068,3.805466146842539,Yes,2.8174163785549937,Yes,No,No,No,67,38,High
Carrots,2072,Drip,Semi-arid,4.37,None,185,Loamy,Low,35,56,81,Yes,4904,6718,267,Spring,35,747,4.983512564377838,3.590791717040553,Yes,13.894234137916731,Yes,No,No,Yes,87,87,High
Cauliflower,9180,Drip,Arid,6.69,None,565,Sandy,Moderate,78,275,64,No,836,14161,78,Winter,10,1366,4.258340228910342,1.040515616801979,Yes,2.697759107173377,No,Yes,No,No,88,92,Low
Cucumbers,1857,None,Tropical,4.84,None,115,Loamy,Low,45,281,76,Yes,3062,12420,76,Winter,28,1083,7.209098529447624,0.4154687884229048,No,6.620322715378023,Yes,Yes,Yes,Yes,50,23,Low
Corn,8079,Flood,Temperate,7.93,Mulching,878,Loamy,Severe,35,90,61,Yes,1320,248,149,Summer,31,1595,5.955992637215048,3.4647456979189517,Yes,12.558468569309465,Yes,Yes,No,No,57,73,High
Wheat,17843,Flood,Temperate,6.38,Crop Cover,684,Loamy,High,117,182,20,Yes,2484,13279,140,Winter,26,339,5.570254953040402,3.8852085083319,No,7.168696982075141,Yes,Yes,No,No,62,44,Low
Plums,6233,Drip,Semi-arid,6.03,None,964,Loamy,High,116,164,27,No,3969,8206,350,Summer,23,251,7.839661935649308,0.585955603681756,No,16.41685425552444,No,No,Yes,No,79,88,Medium
Strawberries,11238,Sprinkler,Semi-arid,7.54,Crop Cover,872,Silty,Moderate,116,225,27,No,2828,13405,106,Spring,20,674,1.899084640942732,0.16420229889928464,Yes,5.038269883734216,Yes,Yes,Yes,Yes,58,77,Medium
Cauliflower,804,Flood,Tropical,4.95,Crop Cover,264,Sandy,Severe,142,59,96,Yes,999,3516,223,Spring,29,495,2.2654407418459415,0.7310571699286353,Yes,17.002314659326164,Yes,Yes,Yes,Yes,64,26,High
Oats,16957,Sprinkler,Mediterranean,2.03,Mulching,924,Loamy,Severe,34,136,57,Yes,555,11048,201,Winter,37,429,8.281495202862935,4.771206846579165,No,15.845423916411896,No,Yes,Yes,Yes,60,69,Low
Melons,14926,Drip,Continental,7.63,Crop Cover,134,Sandy,Severe,98,289,35,No,4310,10781,280,Winter,13,1964,6.577281520140374,2.4220862259439766,Yes,19.697109208563486,Yes,Yes,No,No,69,61,Medium
Garlic,3230,None,Temperate,9.71,Efficient Irrigation,699,Sandy,Severe,146,261,49,No,1392,5146,64,Summer,40,676,1.5546090165191455,2.6467552713290488,Yes,19.21484549823129,No,No,No,No,69,65,High
Carrots,6244,Drip,Semi-arid,6.16,None,986,Silty,Low,54,113,80,No,4618,12088,363,Autumn,14,439,1.8012117972264536,3.3025579405827923,Yes,19.245812452712034,Yes,No,Yes,No,68,59,Low
Soybeans,1688,Drip,Arid,5.52,Efficient Irrigation,791,Clayey,Moderate,153,209,51,No,313,13309,82,Winter,12,575,4.93061090124581,2.8022716214205747,No,4.088269211936359,No,Yes,Yes,Yes,68,44,Low
Barley,1917,Drip,Tropical,3.51,None,202,Loamy,Severe,166,54,16,Yes,4913,1072,85,Autumn,40,1798,6.57832228754688,2.688200838824387,No,1.7128238550074522,No,Yes,Yes,No,53,98,Medium
Apples,8593,None,Mediterranean,5.6,Mulching,493,Loamy,Moderate,38,240,18,Yes,2393,1510,250,Spring,27,1988,9.283922522736987,1.3558825403435608,Yes,18.333380148796635,No,Yes,No,No,93,21,Medium
Quinoa,19652,Flood,Continental,7.79,Mulching,588,Silty,Severe,152,116,50,No,2971,5645,282,Summer,26,1026,9.162985232876022,3.0726136855823474,No,5.955326747100381,Yes,Yes,Yes,Yes,84,48,High
Oats,11429,Flood,Mediterranean,9.67,Efficient Irrigation,934,Clayey,Severe,191,86,22,No,4797,14706,208,Summer,36,500,7.886029782418788,4.162941333910086,No,9.182154190823097,Yes,Yes,Yes,No,76,51,Low
Sugarcane,16111,Flood,Continental,8.69,None,431,Sandy,Low,11,127,15,No,2906,1602,97,Spring,12,1466,3.081318218476767,4.703973484353619,No,15.223475111327117,Yes,No,No,No,84,25,Low
Wheat,14761,None,Arid,8.21,None,921,Clayey,High,165,199,12,No,3272,10835,334,Spring,14,1385,8.371117512460911,2.176344588829945,No,8.853762871466987,No,Yes,No,Yes,67,73,Low
Sugarcane,10520,Flood,Continental,1.36,Mulching,175,Clayey,Low,132,274,97,Yes,1184,6493,315,Autumn,22,212,8.571501983148146,2.3053129487623005,Yes,5.7463176556939874,Yes,Yes,No,No,61,97,Low
Garlic,2985,Flood,Arid,2.75,Mulching,801,Silty,High,158,104,57,No,1880,5652,85,Summer,20,583,3.965441124542264,0.6686474159036805,No,17.24399984510659,Yes,No,No,No,50,17,Low
Garlic,593,Flood,Temperate,5.54,Mulching,224,Loamy,Severe,83,263,12,No,2560,14376,295,Winter,20,1899,2.3267870447170056,4.750992205474673,Yes,6.557375921145479,Yes,Yes,Yes,No,54,77,High
Mangoes,5594,None,Continental,5.83,Efficient Irrigation,627,Silty,Moderate,104,81,93,Yes,3861,7022,252,Autumn,39,1009,6.177365904447222,1.3282079865961396,No,14.7743387017703,Yes,Yes,Yes,Yes,51,35,Low
Peppers,13101,Flood,Arid,3.69,Crop Cover,693,Loamy,Moderate,25,214,20,Yes,4891,4726,200,Summer,24,1297,4.591333598382972,1.099090287001583,No,16.71449985376033,Yes,Yes,Yes,Yes,50,82,High
Avocados,11146,Flood,Tropical,1.67,Mulching,255,Loamy,Low,91,150,66,Yes,4433,1189,166,Autumn,20,1030,1.0551894627045066,2.2324974108614932,No,16.11709904859748,No,No,No,Yes,70,96,Medium
Bananas,11215,Sprinkler,Semi-arid,2.41,None,282,Loamy,Moderate,71,210,22,Yes,4482,2955,293,Spring,22,1050,3.0613972061744956,4.8784335240053895,No,12.726902523956092,No,Yes,Yes,Yes,54,95,Medium
Melons,6943,None,Arid,1.68,Mulching,381,Silty,Moderate,36,159,74,No,1957,5895,275,Autumn,18,812,6.926721067742952,4.907178797460267,Yes,3.384363379896232,No,No,No,No,86,28,Low
Apples,9384,Flood,Mediterranean,4.1,None,600,Sandy,Moderate,143,92,18,Yes,4931,7396,68,Autumn,27,826,4.117289916228867,1.7617692782060446,No,16.41179056739224,Yes,Yes,Yes,No,61,14,Medium
Broccoli,17998,None,Temperate,6.27,Mulching,219,Sandy,Severe,108,239,53,No,1375,2789,204,Summer,22,894,8.25215306754022,0.645227070555003,No,19.650077034579343,No,No,Yes,No,88,32,Medium
Carrots,6730,Flood,Continental,3.33,Efficient Irrigation,782,Sandy,Moderate,161,176,32,No,1343,8509,276,Winter,25,1663,3.406563647861624,2.0203138240994774,Yes,19.171512646611106,Yes,No,Yes,Yes,93,17,Low
Carrots,6459,Drip,Arid,4.84,Efficient Irrigation,971,Sandy,High,52,238,51,No,2144,4612,268,Autumn,20,1522,5.194632297580616,2.4677403094589287,No,16.544110661411494,Yes,No,Yes,Yes,63,10,High
Rice,17029,Drip,Continental,6.48,Efficient Irrigation,996,Silty,High,39,217,84,Yes,1232,3450,336,Autumn,40,658,6.9813335927164255,3.2945816468294393,No,16.948429258113975,Yes,No,No,No,74,88,Low
Cauliflower,16758,Sprinkler,Temperate,2.74,Efficient Irrigation,143,Loamy,Moderate,35,206,59,No,4561,10554,286,Spring,13,639,4.720546018912875,2.701567875815426,No,2.8134123228880266,No,No,Yes,Yes,95,77,Medium
Grapes,885,Drip,Tropical,7.72,Crop Cover,135,Sandy,Moderate,22,203,15,Yes,4516,14693,212,Summer,24,1065,3.517156964158961,1.0205662722624282,Yes,7.078947685609105,Yes,Yes,No,Yes,94,99,Low
Avocados,14385,Drip,Mediterranean,2.28,Mulching,653,Clayey,High,175,67,50,No,363,6729,102,Autumn,24,497,4.226294523532696,1.4389234832952689,Yes,13.150693922595401,Yes,No,Yes,Yes,72,57,High
Peaches,18994,Drip,Mediterranean,7.87,None,464,Sandy,Severe,42,294,10,No,3245,14925,164,Summer,22,1248,5.398439236454142,2.5121976326123696,Yes,9.833357035687175,No,Yes,No,No,60,28,High
Spinach,1725,Flood,Continental,3.47,None,743,Silty,High,91,246,72,Yes,2943,10414,168,Autumn,20,283,2.788373921064002,0.7912787781056614,No,8.252064228049857,Yes,No,Yes,No,50,66,Low
Mangoes,17928,Flood,Mediterranean,3.19,None,254,Loamy,Moderate,157,240,45,No,3784,4850,119,Spring,27,874,9.238923653534705,2.9916219260228223,No,6.481431264160265,No,No,No,Yes,86,81,High
Wheat,18031,Drip,Semi-arid,6.0,None,414,Clayey,Moderate,74,111,57,Yes,3095,3284,285,Autumn,11,1435,1.536029800543803,2.3587520659840293,No,13.733543902888684,No,Yes,No,Yes,68,10,Medium
Beans,13852,Flood,Continental,5.97,Efficient Irrigation,715,Silty,Low,92,98,46,Yes,4377,1684,323,Spring,29,554,2.341578482978318,3.6168043211182748,Yes,11.747874569848927,No,No,Yes,No,70,44,Low
Cauliflower,8291,Flood,Arid,7.38,Crop Cover,429,Clayey,Low,153,155,72,No,2887,3693,75,Spring,40,913,8.091492921658062,0.512138981869651,Yes,18.27743999332263,Yes,No,No,No,56,80,Low
Oats,12642,Drip,Mediterranean,5.09,Efficient Irrigation,751,Loamy,High,62,291,22,Yes,971,3901,189,Winter,15,1855,9.918749243881681,3.593387742924049,Yes,16.485467956898887,No,Yes,No,Yes,54,76,Medium
Avocados,9502,None,Tropical,7.31,Efficient Irrigation,508,Silty,Severe,193,274,52,Yes,3801,13846,250,Spring,35,1181,5.588390555815765,3.5720281948565873,Yes,17.585745725301713,No,No,Yes,Yes,61,31,Low
Beans,18118,Drip,Continental,9.49,Mulching,613,Loamy,Moderate,169,253,56,No,4894,12053,255,Winter,35,684,5.724087173389262,0.2691963534940469,No,17.772490223175936,Yes,No,Yes,Yes,85,35,Medium
Pumpkins,4785,Drip,Temperate,2.99,Crop Cover,783,Loamy,Low,44,296,20,Yes,4803,6409,278,Autumn,29,1278,3.9544215496312276,4.085834324026241,Yes,1.5296686668577846,Yes,No,Yes,No,58,35,Low
Pumpkins,13720,Flood,Arid,9.89,Mulching,811,Silty,High,139,113,32,No,1774,6156,327,Summer,33,1766,8.041676428143877,3.1838195815522123,No,17.08208959098189,Yes,No,No,Yes,85,81,Medium
Lettuce,4484,Drip,Temperate,7.15,None,705,Sandy,High,57,271,17,Yes,3963,14769,141,Summer,19,1528,9.819906622203828,1.4272762382592332,Yes,17.808889948357795,No,No,No,Yes,80,39,Medium
Broccoli,2684,Flood,Continental,4.14,Crop Cover,781,Silty,Low,174,241,52,Yes,4434,10611,244,Spring,32,915,3.659020999565528,2.56788748526142,Yes,9.446631473295437,No,Yes,No,Yes,57,100,High
Blueberries,14737,None,Semi-arid,5.44,Crop Cover,812,Silty,Severe,153,94,78,No,768,14574,326,Summer,26,915,5.324532344757674,0.8574202834476164,No,12.873803738150926,Yes,Yes,Yes,Yes,67,72,Medium
Oats,13570,None,Arid,1.59,Mulching,199,Clayey,Low,196,243,26,No,3298,12441,286,Winter,39,495,8.951963652037449,3.5846408351569403,No,17.30828777102835,No,Yes,No,Yes,83,52,Low
Wheat,5818,Drip,Semi-arid,8.17,Efficient Irrigation,694,Silty,Severe,99,277,91,Yes,2190,11425,93,Winter,28,1094,6.837519330157998,3.8928343421758744,No,9.141839137618426,Yes,No,No,No,87,100,High
Zucchini,12289,Sprinkler,Tropical,3.06,None,906,Sandy,Low,106,281,28,No,4831,6081,67,Spring,30,1454,3.960899179567921,3.8487433445629353,Yes,6.082887841188855,No,Yes,Yes,No,86,96,Medium
Oats,3903,Drip,Arid,1.63,Mulching,679,Loamy,Low,145,263,90,Yes,644,8692,274,Spring,26,560,6.926215828191373,0.26751187020780043,Yes,7.352843079635433,No,Yes,Yes,Yes,69,98,Medium
Wheat,697,Flood,Temperate,6.66,Mulching,663,Sandy,Moderate,78,267,82,Yes,4970,4766,200,Winter,28,617,7.971121424552376,0.6794724046669183,Yes,6.216225812290141,Yes,Yes,No,No,53,10,High
Squash,13408,None,Continental,8.06,Efficient Irrigation,742,Sandy,Moderate,55,88,51,No,3138,8327,313,Summer,32,1135,5.116935464912294,0.37452663051538404,No,9.270149208830043,No,No,No,No,67,20,Low
Plums,1569,Drip,Semi-arid,6.31,Efficient Irrigation,175,Loamy,High,39,172,34,Yes,1726,5787,361,Spring,14,917,3.034208829196576,3.2488266480497785,Yes,16.18075404146053,Yes,Yes,Yes,Yes,95,34,Medium
Cherries,8495,Drip,Continental,8.51,Crop Cover,197,Sandy,High,148,254,56,Yes,4620,11266,98,Summer,27,328,3.1502719570717117,1.73530506426902,No,19.256251852502473,No,Yes,Yes,Yes,92,43,High
Sugarcane,9651,None,Arid,7.08,Efficient Irrigation,873,Sandy,Moderate,62,266,73,No,620,828,157,Autumn,15,1748,9.128051384260882,3.7269219405368412,Yes,4.461294280988532,No,No,No,Yes,68,47,Low
Tomatoes,2613,Drip,Temperate,1.31,Crop Cover,371,Clayey,Low,197,185,35,Yes,1689,7094,139,Autumn,13,1578,4.788304239513962,4.830398855764094,No,11.889927624844644,No,Yes,No,No,77,72,Medium
Oats,11064,Drip,Temperate,3.46,None,497,Clayey,High,161,152,42,No,960,1589,344,Autumn,15,1110,4.074049448900601,4.364176871587505,No,15.833813747952226,No,No,Yes,Yes,58,81,Low
Bananas,8257,None,Continental,1.92,None,266,Clayey,Low,39,119,41,No,4568,7737,262,Summer,25,1771,9.421088033026004,0.7988910748554037,Yes,4.628836599372029,No,No,Yes,No,65,18,High
Blueberries,4816,Flood,Semi-arid,3.48,Efficient Irrigation,507,Silty,High,21,244,56,Yes,2132,8432,233,Summer,30,1084,7.937839221267463,3.3042852616462324,No,14.335636533670966,No,No,Yes,Yes,93,62,Low
Sugarcane,16558,Flood,Arid,1.31,Crop Cover,369,Loamy,Moderate,51,191,44,No,3748,12839,276,Autumn,36,1599,7.708022880578588,0.6970082417390915,Yes,14.176729606127944,No,Yes,Yes,No,93,39,High
Corn,3701,Drip,Continental,1.68,None,164,Silty,Moderate,162,206,53,Yes,4917,14832,271,Autumn,18,661,2.075729654362818,1.9030045801144198,No,2.0813119186713855,Yes,Yes,No,Yes,68,41,High
Oranges,19519,None,Mediterranean,5.65,None,929,Loamy,Severe,110,68,72,No,462,6461,75,Summer,33,1776,9.459821088920025,2.142272018520658,No,18.090345588493708,Yes,Yes,No,Yes,52,69,Medium
Sugarcane,16043,Flood,Temperate,9.91,None,176,Silty,Moderate,122,271,69,No,2910,13272,245,Winter,23,415,6.065252734484424,1.9049037101113193,No,5.154242200561473,Yes,Yes,No,No,65,72,High
Soybeans,17391,Flood,Continental,8.64,Efficient Irrigation,320,Clayey,Severe,92,282,33,No,1518,2843,268,Summer,19,1517,8.75657938794572,4.246346989683189,No,9.175814898696512,Yes,No,Yes,No,78,31,Low
Soybeans,17479,Sprinkler,Mediterranean,8.71,Efficient Irrigation,772,Sandy,Severe,147,284,27,No,1516,13697,205,Summer,32,1503,9.424451665467975,4.372802548590108,No,19.315678966313122,Yes,No,Yes,No,88,77,High
Tomatoes,8832,Flood,Semi-arid,9.06,Mulching,934,Silty,Severe,80,198,64,Yes,459,5571,326,Autumn,17,1628,7.551277601660658,3.5015219001034477,No,8.640630352429183,No,No,Yes,No,79,53,Medium
Spinach,19354,Drip,Temperate,7.81,Mulching,502,Clayey,Severe,30,228,26,Yes,1286,1398,67,Autumn,15,1820,5.95928076711643,3.6044048740976598,Yes,18.047120005926214,No,No,Yes,Yes,80,55,Medium
Bananas,5666,Flood,Tropical,5.78,Mulching,137,Loamy,Low,135,285,14,No,1247,1105,68,Spring,30,609,6.142723007649917,1.4185960177762182,Yes,16.167499454122257,No,No,No,Yes,67,60,Medium
Spinach,8661,Sprinkler,Continental,9.23,Efficient Irrigation,555,Silty,Moderate,122,279,92,No,714,493,278,Spring,26,1199,5.078966685059592,3.160126186778486,No,7.065390189300431,No,No,No,Yes,95,49,High
Plums,17697,Sprinkler,Arid,5.27,None,121,Loamy,Severe,33,97,95,No,4900,2751,354,Summer,21,344,9.991443163095317,4.376333624369261,No,17.331543857638724,No,No,No,No,66,23,High
Sugarcane,13543,None,Mediterranean,9.76,Crop Cover,659,Sandy,Low,178,64,86,Yes,4078,12208,170,Autumn,38,210,2.579693580438451,1.1868285977864546,Yes,10.34424048589456,No,No,Yes,Yes,61,43,Low
Wheat,18268,Drip,Mediterranean,5.13,Efficient Irrigation,204,Sandy,Severe,180,264,63,Yes,1032,8894,189,Summer,29,1388,8.005479862939211,3.0374380950651787,Yes,6.963384181031796,Yes,No,No,Yes,68,72,Low
Pumpkins,18525,Drip,Continental,7.22,None,902,Sandy,High,47,266,40,Yes,1091,14437,220,Autumn,26,998,1.2812393758373894,1.5889215336468865,Yes,17.280495667161645,Yes,Yes,Yes,Yes,74,36,Low
Cotton,15119,Drip,Tropical,7.51,None,841,Silty,Severe,26,259,83,Yes,3152,8211,315,Autumn,34,1074,2.8401500865516107,3.3966301372379633,Yes,5.9877483600288155,Yes,Yes,Yes,Yes,64,55,Medium
Garlic,16082,None,Continental,4.09,Mulching,405,Sandy,Low,40,191,72,No,4517,4426,280,Autumn,31,1717,5.106945042431437,3.734512280913874,Yes,12.495044496960299,Yes,No,No,No,52,57,Medium
Cotton,1633,Sprinkler,Semi-arid,8.59,Efficient Irrigation,950,Loamy,High,117,245,51,No,1602,8671,177,Autumn,36,494,1.7127741334736566,4.216518603551484,No,12.425011576491498,No,Yes,Yes,No,93,33,High
Potatoes,1129,Sprinkler,Tropical,6.26,Mulching,686,Loamy,Low,19,231,48,Yes,4595,14404,213,Summer,21,212,7.776816289204927,0.6575538878656579,No,1.5038715263018934,No,Yes,Yes,No,58,51,Low
Cabbage,5167,Flood,Tropical,7.22,None,622,Sandy,High,197,210,92,Yes,1274,7045,190,Spring,29,498,8.432673464904463,2.228641799408282,Yes,16.337037836754536,No,Yes,Yes,Yes,82,57,Medium
Quinoa,3726,None,Temperate,2.84,Crop Cover,523,Clayey,High,165,148,77,No,2717,5939,248,Autumn,39,1526,4.168337442685821,1.3311763207694844,No,6.6010434069315505,Yes,Yes,No,Yes,92,15,Medium
Potatoes,1839,Sprinkler,Temperate,1.11,Crop Cover,237,Silty,Moderate,69,138,54,Yes,4061,6750,203,Winter,29,1536,7.229693766473901,2.8411624197196232,No,8.15389332447348,No,No,Yes,No,71,66,Medium
Beans,19420,None,Tropical,8.72,Crop Cover,476,Loamy,Moderate,101,220,78,No,3207,12295,355,Winter,14,357,2.693148097072755,3.469434230332656,No,18.786364625349997,Yes,Yes,No,Yes,63,26,High
Lettuce,5277,Sprinkler,Semi-arid,5.69,None,137,Loamy,Low,61,105,20,No,3861,1778,198,Winter,40,1510,1.4968715298772697,1.6440269924699251,No,5.586757818881326,No,No,No,Yes,67,18,Low
Soybeans,663,Flood,Tropical,5.9,Efficient Irrigation,252,Sandy,Low,105,54,81,Yes,4000,4070,189,Spring,35,1501,7.768006258321558,1.6258172954119838,Yes,4.8286549241609205,Yes,Yes,No,No,74,28,Low
Pears,15100,Sprinkler,Arid,8.68,Mulching,929,Loamy,Low,53,142,37,No,1204,10603,293,Winter,24,926,4.410599485529547,3.6371457849643467,No,10.517656307043334,Yes,Yes,No,Yes,65,39,High
Pears,12174,Drip,Semi-arid,9.99,None,803,Silty,Moderate,193,291,11,Yes,4539,629,248,Autumn,40,293,7.454332952769139,4.234488489493193,No,17.582304479545126,Yes,Yes,Yes,No,68,83,Medium
Oats,17577,Sprinkler,Semi-arid,5.38,Crop Cover,793,Sandy,Low,32,110,95,No,367,2091,135,Summer,13,1996,7.8194261201848,1.361508921577955,No,9.033132210555442,No,Yes,No,Yes,56,80,Medium
Strawberries,6952,Flood,Mediterranean,2.09,Mulching,846,Clayey,High,143,190,21,Yes,1003,11800,78,Summer,25,1367,9.343211087025697,4.442107191555893,No,6.132833650127328,Yes,No,No,Yes,54,97,Medium
Broccoli,10502,Drip,Continental,3.36,None,858,Clayey,Low,38,170,79,No,1215,9470,187,Autumn,30,605,5.061017976209994,0.11581519039977473,No,15.538467824692416,No,Yes,Yes,No,73,85,Medium
Strawberries,17510,None,Tropical,7.87,Mulching,279,Loamy,Low,119,231,30,Yes,3104,12299,297,Spring,28,340,3.3475319163909933,0.47176243404984597,No,12.61198909320126,No,No,Yes,No,73,75,Low
Pineapples,10195,Sprinkler,Temperate,8.83,Crop Cover,635,Loamy,Severe,120,120,47,No,2214,3662,273,Summer,11,1408,6.111671094895683,4.335919018033369,No,9.337056885071267,Yes,Yes,No,Yes,58,32,Medium
Cauliflower,15967,Sprinkler,Arid,6.04,Efficient Irrigation,120,Sandy,Low,187,294,13,No,364,5519,118,Autumn,17,1864,2.9843171022029127,0.7629760994387254,Yes,5.101995304055147,No,No,Yes,No,70,43,Medium
Potatoes,12652,None,Semi-arid,7.92,None,578,Silty,Low,176,172,39,No,884,12346,233,Winter,17,1762,2.85240824203931,3.9460569171406967,Yes,17.896508844549114,No,Yes,No,Yes,55,29,Medium
Garlic,12128,Sprinkler,Mediterranean,8.68,Mulching,119,Clayey,Low,35,77,82,Yes,2184,11140,204,Spring,27,1990,3.9222424910174576,1.6620114062660323,Yes,9.85307521284151,Yes,Yes,No,No,91,42,High
Peas,11616,None,Temperate,4.52,Crop Cover,233,Sandy,Low,53,246,20,Yes,601,7255,335,Winter,28,246,2.6364668527446193,2.1866796100497585,No,7.579547910381644,No,No,No,Yes,53,39,Low
Strawberries,2484,Flood,Mediterranean,5.96,Crop Cover,829,Sandy,Severe,180,204,51,Yes,2454,9437,196,Spring,37,704,1.8277983311944728,1.2154634568030216,No,7.231252042184944,Yes,Yes,No,No,76,69,High
Oranges,2764,Drip,Semi-arid,2.26,Efficient Irrigation,375,Clayey,Severe,175,247,15,No,4475,14992,298,Summer,21,1384,3.8729619583671546,2.2693899005452596,Yes,10.143731265209478,Yes,Yes,No,Yes,79,65,Medium
Spinach,15829,Flood,Semi-arid,7.25,Crop Cover,327,Silty,Low,100,264,29,Yes,4310,13383,103,Spring,18,864,1.550118774291786,1.307976221402999,Yes,5.704539176330256,Yes,Yes,No,Yes,63,99,High
Avocados,16520,Drip,Arid,8.87,None,761,Clayey,Severe,24,288,38,Yes,605,244,302,Spring,34,1217,4.512208356603738,3.6551255033694194,Yes,17.081851129650232,Yes,No,No,No,51,18,High
Apples,15332,None,Mediterranean,7.6,Mulching,866,Sandy,High,71,266,19,Yes,1391,6177,238,Winter,15,1329,2.844864715795159,0.8844151323846347,Yes,9.774635737595615,No,Yes,Yes,No,85,57,High
Blueberries,13979,Drip,Tropical,2.58,Crop Cover,449,Loamy,Low,38,157,89,Yes,1741,11582,321,Autumn,18,1529,9.464389373231487,3.043630194278176,Yes,19.113259426112627,No,Yes,No,Yes,72,55,Low
Peaches,12368,Drip,Semi-arid,7.94,Crop Cover,951,Silty,Low,188,92,87,No,4949,11705,345,Spring,39,824,5.939342381372473,1.0700043253394695,No,4.448356025277053,Yes,No,Yes,Yes,86,57,Medium
